{"cameraMode":{"drawMode":0,"name":"Shaded","section":"Shading Mode"},"sceneLighting":false,"audioPlay":false,"sceneViewState":{"showFog":true,"showMaterialUpdate":false,"showSkybox":false,"showFlares":true,"showImageEffects":true,"showParticleSystems":true},"in2DMode":false,"pivot":{"x":-0.8278303146362305,"y":7.800515174865723,"z":-1.8974380493164063},"rotation":{"x":-0.01773172616958618,"y":0.17161789536476136,"z":0.003089002799242735,"w":0.9849991798400879},"size":185.30044555664063,"orthographic":false}