{"cameraMode":{"drawMode":0,"name":"Shaded","section":"Shading Mode"},"sceneLighting":true,"audioPlay":false,"sceneViewState":{"showFog":true,"showMaterialUpdate":false,"showSkybox":true,"showFlares":true,"showImageEffects":true,"showParticleSystems":true},"in2DMode":false,"pivot":{"x":204.36761474609376,"y":0.14093399047851563,"z":141.9334259033203},"rotation":{"x":0.306440532207489,"y":-0.6125382781028748,"z":0.2788727283477783,"w":0.6731599569320679},"size":10.0,"orthographic":false}