{"cameraMode":{"drawMode":0,"name":"Shaded","section":"Shading Mode"},"sceneLighting":false,"audioPlay":false,"sceneViewState":{"showFog":true,"showMaterialUpdate":false,"showSkybox":false,"showFlares":true,"showImageEffects":true,"showParticleSystems":true},"in2DMode":false,"pivot":{"x":0.3152832090854645,"y":0.5588374733924866,"z":1.0709693431854249},"rotation":{"x":0.24267716705799104,"y":0.3140147626399994,"z":-0.08336660265922547,"w":0.9140856862068176},"size":1.20830500125885,"orthographic":true}