{"cameraMode":{"drawMode":0,"name":"Shaded","section":"Shading Mode"},"sceneLighting":false,"audioPlay":false,"sceneViewState":{"showFog":true,"showMaterialUpdate":false,"showSkybox":false,"showFlares":true,"showImageEffects":true,"showParticleSystems":true},"in2DMode":false,"pivot":{"x":0.3973521292209625,"y":0.434326171875,"z":-1.4484524726867676},"rotation":{"x":0.23097506165504456,"y":-0.7157465815544128,"z":0.27629354596138,"w":0.598347544670105},"size":0.369546502828598,"orthographic":true}