{"cameraMode":{"drawMode":0,"name":"Shaded","section":"Shading Mode"},"sceneLighting":false,"audioPlay":false,"sceneViewState":{"showFog":true,"showMaterialUpdate":false,"showSkybox":false,"showFlares":true,"showImageEffects":true,"showParticleSystems":true},"in2DMode":false,"pivot":{"x":-0.3625621795654297,"y":7.999826431274414,"z":0.3945140838623047},"rotation":{"x":-0.017731748521327974,"y":0.17161811888217927,"z":0.003089006757363677,"w":0.985000491142273},"size":17.467721939086915,"orthographic":false}