{"cameraMode":{"drawMode":0,"name":"Shaded","section":"Shading Mode"},"sceneLighting":false,"audioPlay":false,"sceneViewState":{"showFog":true,"showMaterialUpdate":false,"showSkybox":false,"showFlares":true,"showImageEffects":true,"showParticleSystems":true},"in2DMode":false,"pivot":{"x":0.23419475555419923,"y":7.422327041625977,"z":0.2111663818359375},"rotation":{"x":-0.017731748521327974,"y":0.17161811888217927,"z":0.003089006757363677,"w":0.985000491142273},"size":14.332508087158204,"orthographic":false}