{"cameraMode":{"drawMode":0,"name":"Shaded","section":"Shading Mode"},"sceneLighting":false,"audioPlay":false,"sceneViewState":{"showFog":true,"showMaterialUpdate":false,"showSkybox":false,"showFlares":true,"showImageEffects":true,"showParticleSystems":true},"in2DMode":false,"pivot":{"x":1.0551429986953736,"y":1.49832284450531,"z":3.637988328933716},"rotation":{"x":-0.007747185416519642,"y":-0.9418351650238037,"z":0.33528274297714236,"w":-0.021762045100331308},"size":1.20830500125885,"orthographic":true}